[
    {
        "id": 1,
        "reference_id": "#158790",
        "customer_name": "Leatha Bailey",
        "customer_image": "avatar-09.jpg",
        "amount": "$444",
        "date": " 17 Sep 2020",
        "payment_card": "Visa",
        "card_no": "9632"
    },
    {
        "id": 2,
        "reference_id": "#248960",
        "customer_name": "Joseph Collins",
        "customer_image": "avatar-10.jpg",
        "amount": "$657",
        "date": "12 Sep 2020",
        "payment_card": "Visa",
        "card_no": "1254"
    },
    {
        "id": 3,
        "reference_id": "#3682303",
        "customer_name": " Marie Canales",
        "customer_image": "avatar-03.jpg",
        "amount": "$717",
        "date": "17 Nov 2020",
        "payment_card": "Visa",
        "card_no": "4321"
    },
    {
        "id": 4,
        "reference_id": "#45268",
        "customer_name": "Russell Copeland",
        "customer_image": "avatar-08.jpg",
        "amount": "$120",
        "date": "11 Oct 2020",
        "payment_card": "Visa",
        "card_no": "5689"
    },
    {
        "id": 5,
        "reference_id": "#542187",
        "customer_name": " John Blair",
        "customer_image": "avatar-07.jpg",
        "amount": "$325",
        "date": "25 Oct 2020",
        "payment_card": "Visa",
        "card_no": "4523"
    },
    {
        "id": 6,
        "reference_id": "#635489",
        "customer_name": " Karlene Chaidez",
        "customer_image": "avatar-06.jpg",
        "amount": "$698",
        "date": "1 Nov 2020",
        "payment_card": "Visa",
        "card_no": "8795"
    },
    {
        "id": 7,
        "reference_id": "#875642",
        "customer_name": " Greg Lynch",
        "customer_image": "avatar-05.jpg",
        "amount": "$582",
        "date": "6 Nov 2020",
        "payment_card": "Visa",
        "card_no": "3654"
    }
]