[
    {
        "id": 1,
        "customer_name": "Barbara Moore",
        "image": "avatar-04.jpg",
        "amount": "$118",
        "due_date": "23 Nov 2020",
        "status": "Paid"
    },
    {
        "id": 2,
        "customer_name": "Karlene Chaidez",
        "image": "avatar-06.jpg",
        "amount": "$222",
        "due_date": "18 Nov 2020",
        "status": "Sent"
    },
    {
        "id": 3,
        "customer_name": "Russell Copeland",
        "image": "avatar-08.jpg",
        "amount": "$347",
        "due_date": "10 Nov 2020",
        "status": "Partially Paid"
    },
    {
        "id": 4,
        "customer_name": "Joseph Collins",
        "image": "avatar-10.jpg",
        "amount": "$826",
        "due_date": "25 Sep 2020",
        "status": "Overdue"
    },
    {
        "id": 5,
        "customer_name": "Jennifer Floyd",
        "image": "avatar-11.jpg",
        "amount": "$519",
        "due_date": "18 Sep 2020",
        "status": "Paid"
    }
]